club_name,first_name,last_name,position,market_value_eur
AEK Athens,ALB,ALB,GK,
AEK Athens,CMR,CMR,DEF,
AEK Athens,ALB,ALB,DEF,
AEK Athens,GRE,GRE,DEF,
AEK Athens,FIN,FIN,MID,
AEK Athens,SUI,SUI,MID,
AEK Athens,SRB,SRB,MID,
AEK Athens,SRB,SRB,FWD,
AEK Athens,UKR,UKR,MID,
AEK Athens,MTN,MTN,FWD,
AEK Athens,GRE,GRE,DEF,
AEK Athens,CRO,CRO,MID,
AEK Athens,BUL,BUL,DEF,
AEK Athens,HON,HON,MID,
AEK Athens,GRE,GRE,MID,
AEK Athens,ROU,ROU,MID,
AEK Athens,HUN,HUN,FWD,
AEK Athens,GRE,GRE,MID,
AEK Athens,CRO,CRO,DEF,
AEK Athens,GRE,GRE,DEF,
AEK Athens,POR,POR,MID,
AEK Athens,HUN,HUN,MID,
AEK Athens,GRE,GRE,FWD,
AEK Athens,GRE,GRE,GK,
AEK Athens,POR,POR,DEF,
AEK Athens,RWA,RWA,MID,
AEK Athens,ANG,ANG,FWD,
AEK Athens,ITA,ITA,GK,
AEK Athens,HAI,HAI,FWD,
AEK Athens,GRE,GRE,GK,
AEK Athens,SCO,SCO,DEF,
AEK Athens,CRO,CRO,MID,
AEK Athens,SWE,SWE,MID,
AEK Athens,ESP,ESP,MID,
AEK Athens,ARG,ARG,FWD,
AEK Athens,GRE,GRE,FWD,
Olympiacos,GER,GER,GK,
Olympiacos,GRE,GRE,DEF,
Olympiacos,BIH,BIH,DEF,
Olympiacos,ITA,ITA,DEF,
Olympiacos,ANG,ANG,DEF,
Olympiacos,GRE,GRE,MID,
Olympiacos,POR,POR,MID,
Olympiacos,MAR,MAR,FWD,
Olympiacos,POR,POR,MID,
Olympiacos,UKR,UKR,FWD,
Olympiacos,COL,COL,MID,
Olympiacos,ARG,ARG,MID,
Olympiacos,JAM,JAM,MID,
Olympiacos,SUI,SUI,MID,
Olympiacos,POR,POR,MID,
Olympiacos,GRE,GRE,MID,
Olympiacos,POR,POR,MID,
Olympiacos,NOR,NOR,DEF,
Olympiacos,MNE,MNE,GK,
Olympiacos,ARG,ARG,MID,
Olympiacos,MEX,MEX,FWD,
Olympiacos,GRE,GRE,DEF,
Olympiacos,NGR,NGR,DEF,
Olympiacos,ARM,ARM,DEF,
Olympiacos,ESP,ESP,MID,
Olympiacos,BRA,BRA,FWD,
Olympiacos,GRE,GRE,GK,
Olympiacos,TUR,TUR,MID,
Olympiacos,CHA,CHA,FWD,
Olympiacos,BRA,BRA,DEF,
Olympiacos,ARG,ARG,DEF,
Olympiacos,GRE,GRE,DEF,
Olympiacos,POR,POR,MID,
Olympiacos,GRE,GRE,MID,
Olympiacos,GRE,GRE,MID,
PAOK,CZE,CZE,GK,
PAOK,GUI,GUI,MID,
PAOK,ENG,ENG,DEF,
PAOK,GRE,GRE,DEF,
PAOK,GRE,GRE,DEF,
PAOK,ESP,ESP,DEF,
PAOK,FRA,FRA,MID,
PAOK,FRA,FRA,MID,
PAOK,RUS,RUS,FWD,
PAOK,GRE,GRE,MID,
PAOK,BRA,BRA,MID,
PAOK,GRE,GRE,DEF,
PAOK,SRB,SRB,MID,
PAOK,SRB,SRB,MID,
PAOK,CRO,CRO,MID,
PAOK,BRA,BRA,DEF,
PAOK,GRE,GRE,MID,
PAOK,GHA,GHA,DEF,
PAOK,SWE,SWE,MID,
PAOK,FRA,FRA,MID,
PAOK,COD,COD,FWD,
PAOK,SEN,SEN,FWD,
PAOK,SCO,SCO,DEF,
PAOK,GRE,GRE,GK,
PAOK,ENG,ENG,MID,
PAOK,GRE,GRE,MID,
PAOK,GRE,GRE,GK,
PAOK,GRE,GRE,FWD,
PAOK,BUL,BUL,MID,
PAOK,GRE,GRE,GK,
PAOK,GRE,GRE,MID,
PAOK,GRE,GRE,MID,
PAOK,GRE,GRE,DEF,
PAOK,GRE,GRE,DEF,
PAOK,GEO,GEO,GK,
PAOK,USA,USA,DEF,
PAOK,ESP,ESP,MID,
Panathinaikos,ESP,ESP,GK,
Panathinaikos,ITA,ITA,DEF,
Panathinaikos,GRE,GRE,DEF,
Panathinaikos,ESP,ESP,MID,
Panathinaikos,MAR,MAR,DEF,
Panathinaikos,NED,NED,DEF,
Panathinaikos,GRE,GRE,FWD,
Panathinaikos,CRO,CRO,MID,
Panathinaikos,NGR,NGR,FWD,
Panathinaikos,ARG,ARG,MID,
Panathinaikos,ARG,ARG,GK,
Panathinaikos,USA,USA,DEF,
Panathinaikos,ISL,ISL,DEF,
Panathinaikos,GRE,GRE,MID,
Panathinaikos,GRE,GRE,MID,
Panathinaikos,GRE,GRE,DEF,
Panathinaikos,ARG,ARG,MID,
Panathinaikos,MAR,MAR,MID,
Panathinaikos,FRA,FRA,MID,
Panathinaikos,MAR,MAR,MID,
Panathinaikos,URU,URU,MID,
Panathinaikos,DEN,DEN,DEF,
Panathinaikos,GRE,GRE,MID,
Panathinaikos,ZAM,ZAM,MID,
Panathinaikos,NED,NED,DEF,
Panathinaikos,GRE,GRE,GK,
Panathinaikos,MKD,MKD,FWD,
Panathinaikos,GRE,GRE,DEF,
Panathinaikos,TTO,TTO,FWD,
Panathinaikos,GRE,GRE,MID,
Panathinaikos,GRE,GRE,FWD,
Panathinaikos,GRE,GRE,DEF,
Panathinaikos,GRE,GRE,GK,
Panathinaikos,ALG,ALG,DEF,
Panathinaikos,GRE,GRE,DEF,
Panathinaikos,GRE,GRE,DEF,
Panathinaikos,GRE,GRE,MID,
Panathinaikos,MAR,MAR,MID,
Panathinaikos,GRE,GRE,MID,
Panathinaikos,ALB,ALB,MID,
Panathinaikos,SRB,SRB,FWD,
Panathinaikos,GRE,GRE,FWD,
Panathinaikos,FRA,FRA,MID,
Levadiakos,ROU,ROU,DEF,
Levadiakos,GRE,GRE,DEF,
Levadiakos,ENG,ENG,DEF,
Levadiakos,ARG,ARG,MID,
Levadiakos,GRE,GRE,MID,
Levadiakos,SRB,SRB,FWD,
Levadiakos,ARG,ARG,MID,
Levadiakos,GRE,GRE,GK,
Levadiakos,GRE,GRE,DEF,
Levadiakos,ROU,ROU,MID,
Levadiakos,GRE,GRE,MID,
Levadiakos,CYP,CYP,MID,
Levadiakos,GAM,GAM,MID,
Levadiakos,GRE,GRE,MID,
Levadiakos,ESP,ESP,MID,
Levadiakos,GRE,GRE,DEF,
Levadiakos,GRE,GRE,DEF,
Levadiakos,GRE,GRE,DEF,
Levadiakos,SEN,SEN,FWD,
Levadiakos,ARG,ARG,FWD,
Levadiakos,ROU,ROU,MID,
Levadiakos,GRE,GRE,FWD,
Levadiakos,BRA,BRA,GK,
Levadiakos,GRE,GRE,DEF,
Levadiakos,ISR,ISR,GK,
Levadiakos,SEN,SEN,MID,
Levadiakos,GRE,GRE,MID,
Levadiakos,GRE,GRE,MID,
Levadiakos,GRE,GRE,DEF,
Levadiakos,NGR,NGR,FWD,
Levadiakos,ARG,ARG,GK,
OFI Crete,ALB,ALB,GK,
OFI Crete,CRO,CRO,DEF,
OFI Crete,GRE,GRE,DEF,
OFI Crete,GRE,GRE,DEF,
OFI Crete,GRE,GRE,DEF,
OFI Crete,GRE,GRE,MID,
OFI Crete,GRE,GRE,MID,
OFI Crete,GRE,GRE,MID,
OFI Crete,BEL,BEL,FWD,
OFI Crete,ESP,ESP,MID,
OFI Crete,GRE,GRE,FWD,
OFI Crete,GRE,GRE,GK,
OFI Crete,GRE,GRE,MID,
OFI Crete,GRE,GRE,DEF,
OFI Crete,CYP,CYP,DEF,
OFI Crete,ESP,ESP,DEF,
OFI Crete,ARG,ARG,MID,
OFI Crete,BIH,BIH,FWD,
OFI Crete,GRE,GRE,MID,
OFI Crete,GRE,GRE,GK,
OFI Crete,ITA,ITA,DEF,
OFI Crete,ARG,ARG,MID,
OFI Crete,GRE,GRE,GK,
OFI Crete,GRE,GRE,MID,
OFI Crete,GRE,GRE,DEF,
OFI Crete,GRE,GRE,DEF,
OFI Crete,GRE,GRE,FWD,
OFI Crete,GRE,GRE,DEF,
OFI Crete,GRE,GRE,DEF,
OFI Crete,GRE,GRE,MID,
OFI Crete,GRE,GRE,MID,
OFI Crete,ALB,ALB,GK,
OFI Crete,GRE,GRE,DEF,
OFI Crete,KSA,KSA,DEF,
OFI Crete,KSA,KSA,MID,
OFI Crete,GRE,GRE,FWD,
Aris Thessaloniki,GRE,GRE,GK,
Aris Thessaloniki,FRA,FRA,DEF,
Aris Thessaloniki,ENG,ENG,DEF,
Aris Thessaloniki,BRA,BRA,DEF,
Aris Thessaloniki,ESP,ESP,MID,
Aris Thessaloniki,GRE,GRE,MID,
Aris Thessaloniki,ARG,ARG,MID,
Aris Thessaloniki,CIV,CIV,FWD,
Aris Thessaloniki,ZIM,ZIM,FWD,
Aris Thessaloniki,SRB,SRB,MID,
Aris Thessaloniki,CIV,CIV,MID,
Aris Thessaloniki,ESP,ESP,FWD,
Aris Thessaloniki,CMR,CMR,MID,
Aris Thessaloniki,FRA,FRA,FWD,
Aris Thessaloniki,NGR,NGR,MID,
Aris Thessaloniki,CRO,CRO,GK,
Aris Thessaloniki,GRE,GRE,MID,
Aris Thessaloniki,GRE,GRE,GK,
Aris Thessaloniki,SEN,SEN,MID,
Aris Thessaloniki,SEN,SEN,DEF,
Aris Thessaloniki,GRE,GRE,MID,
Aris Thessaloniki,GRE,GRE,DEF,
Aris Thessaloniki,POR,POR,GK,
Aris Thessaloniki,ARG,ARG,MID,
Aris Thessaloniki,GRE,GRE,MID,
Aris Thessaloniki,CRO,CRO,DEF,
Aris Thessaloniki,SEN,SEN,DEF,
Aris Thessaloniki,BEL,BEL,MID,
Aris Thessaloniki,GRE,GRE,MID,
Aris Thessaloniki,POR,POR,FWD,
Aris Thessaloniki,ESP,ESP,FWD,
Aris Thessaloniki,FIN,FIN,MID,
Aris Thessaloniki,BRA,BRA,MID,
Aris Thessaloniki,ESP,ESP,MID,
Aris Thessaloniki,GRE,GRE,MID,
Aris Thessaloniki,CRC,CRC,MID,
Aris Thessaloniki,SEN,SEN,FWD,
Atromitos,GRE,GRE,GK,
Atromitos,GRE,GRE,DEF,
Atromitos,GRE,GRE,DEF,
Atromitos,GRE,GRE,MID,
Atromitos,GRE,GRE,MID,
Atromitos,SUI,SUI,MID,
Atromitos,COD,COD,MID,
Atromitos,COL,COL,FWD,
Atromitos,GRE,GRE,MID,
Atromitos,CRC,CRC,MID,
Atromitos,GRE,GRE,MID,
Atromitos,ESP,ESP,MID,
Atromitos,GRE,GRE,DEF,
Atromitos,GRE,GRE,FWD,
Atromitos,GRE,GRE,MID,
Atromitos,FIN,FIN,DEF,
Atromitos,GRE,GRE,MID,
Atromitos,GRE,GRE,DEF,
Atromitos,GRE,GRE,DEF,
Atromitos,GRE,GRE,MID,
Atromitos,GRE,GRE,GK,
Atromitos,ISL,ISL,DEF,
Atromitos,GRE,GRE,MID,
Atromitos,GRE,GRE,FWD,
Atromitos,GRE,GRE,DEF,
Atromitos,BRA,BRA,MID,
Atromitos,SEN,SEN,GK,
Atromitos,GRE,GRE,FWD,
Atromitos,GRE,GRE,MID,
Panetolikos,GRE,GRE,GK,
Panetolikos,SWE,SWE,DEF,
Panetolikos,SWE,SWE,DEF,
Panetolikos,GRE,GRE,DEF,
Panetolikos,ZIM,ZIM,MID,
Panetolikos,GRE,GRE,MID,
Panetolikos,GRE,GRE,MID,
Panetolikos,COL,COL,FWD,
Panetolikos,MAR,MAR,MID,
Panetolikos,GUI,GUI,FWD,
Panetolikos,MLI,MLI,DEF,
Panetolikos,SRB,SRB,FWD,
Panetolikos,ESP,ESP,DEF,
Panetolikos,GRE,GRE,MID,
Panetolikos,CYP,CYP,MID,
Panetolikos,GRE,GRE,MID,
Panetolikos,SEN,SEN,FWD,
Panetolikos,GRE,GRE,GK,
Panetolikos,ESP,ESP,MID,
Panetolikos,GRE,GRE,GK,
Panetolikos,ALB,ALB,MID,
Panetolikos,GRE,GRE,FWD,
Panetolikos,GRE,GRE,MID,
Panetolikos,SRB,SRB,MID,
Panetolikos,GRE,GRE,DEF,
Panetolikos,MNE,MNE,MID,
Panetolikos,GRE,GRE,DEF,
Panetolikos,SRB,SRB,DEF,
Panetolikos,GRE,GRE,DEF,
Panetolikos,GRE,GRE,MID,
Panetolikos,GHA,GHA,FWD,
Panetolikos,UKR,UKR,GK,
Panetolikos,BRA,BRA,MID,
Panetolikos,ALB,ALB,FWD,
Asteras Tripolis,GRE,GRE,GK,
Asteras Tripolis,MNE,MNE,DEF,
Asteras Tripolis,GUI,GUI,DEF,
Asteras Tripolis,BLR,BLR,MID,
Asteras Tripolis,GRE,GRE,DEF,
Asteras Tripolis,ARG,ARG,MID,
Asteras Tripolis,GRE,GRE,MID,
Asteras Tripolis,ITA,ITA,FWD,
Asteras Tripolis,ESP,ESP,MID,
Asteras Tripolis,CMR,CMR,MID,
Asteras Tripolis,ARG,ARG,MID,
Asteras Tripolis,SWE,SWE,DEF,
Asteras Tripolis,GRE,GRE,DEF,
Asteras Tripolis,ARG,ARG,MID,
Asteras Tripolis,GRE,GRE,MID,
Asteras Tripolis,GRE,GRE,MID,
Asteras Tripolis,GRE,GRE,DEF,
Asteras Tripolis,ESP,ESP,MID,
Asteras Tripolis,GRE,GRE,DEF,
Asteras Tripolis,ESP,ESP,DEF,
Asteras Tripolis,MEX,MEX,DEF,
Asteras Tripolis,GRE,GRE,FWD,
Asteras Tripolis,BRA,BRA,FWD,
Asteras Tripolis,GRE,GRE,MID,
Asteras Tripolis,GRE,GRE,GK,
Asteras Tripolis,GRE,GRE,GK,
Asteras Tripolis,GRE,GRE,DEF,
Asteras Tripolis,GRE,GRE,GK,
Asteras Tripolis,GRE,GRE,DEF,
Asteras Tripolis,SWE,SWE,MID,
Asteras Tripolis,ARG,ARG,MID,
Asteras Tripolis,GRE,GRE,GK,
Kalamata,GRE,GRE,GK,
Kalamata,ESP,ESP,DEF,
Kalamata,GRE,GRE,DEF,
Kalamata,ESP,ESP,MID,
Kalamata,SEN,SEN,MID,
Kalamata,ARG,ARG,MID,
Kalamata,GRE,GRE,MID,
Kalamata,VEN,VEN,FWD,
Kalamata,ISL,ISL,MID,
Kalamata,GEQ,GEQ,MID,
Kalamata,GRE,GRE,DEF,
Kalamata,CIV,CIV,MID,
Kalamata,GHA,GHA,MID,
Kalamata,ESP,ESP,DEF,
Kalamata,GRE,GRE,DEF,
Kalamata,FRA,FRA,DEF,
Kalamata,GUI,GUI,MID,
Kalamata,COL,COL,MID,
Kalamata,GRE,GRE,DEF,
Kalamata,ARG,ARG,MID,
Kalamata,GRE,GRE,MID,
Kalamata,GRE,GRE,GK,
Kalamata,SRB,SRB,DEF,
Kalamata,ARG,ARG,MID,
Kalamata,SRB,SRB,GK,
Kalamata,GRE,GRE,DEF,
Kalamata,FRA,FRA,DEF,
Kalamata,GRE,GRE,FWD,
Kalamata,GRE,GRE,GK,
Kalamata,CRC,CRC,MID,
Kalamata,POL,POL,FWD,
Kalamata,BRA,BRA,DEF,
Kalamata,GRE,GRE,FWD,